{
    "accuracy": 0.5,
    "precision": 0.47959183673469385,
    "recall": 0.4895833333333333,
    "auc": 0.5204326923076924
}